ETF,start_date,end_date,duration,event,start_drawdown_depth,roll_vol_21,roll_mean_21
SPY,2015-01-05,2015-01-08,3,1,0.018059503233832406,,
SPY,2015-01-09,2015-01-22,8,1,0.00801328486960593,,
SPY,2015-01-23,2015-02-05,9,1,0.005482905591303162,,
SPY,2015-02-06,2015-02-10,2,1,0.0027655905047046236,0.01018564321690519,0.0007565665750798393
SPY,2015-02-19,2015-02-20,1,1,0.0007140229083591977,0.008721390711595191,0.0018308275726104512
SPY,2015-02-23,2015-02-24,1,1,0.00014191440313421808,0.008232969263922665,0.0011662690196832604
SPY,2015-02-25,2015-03-02,3,1,0.0008496313450724601,0.008109999230817008,0.001411281280952026
SPY,2015-03-03,2015-04-23,36,1,0.004104352880826009,0.005852950600166963,0.0027077657181129137
SPY,2015-04-27,2015-05-14,13,1,0.004157766943357141,0.0056984151000826055,0.0012591046566297166
SPY,2015-05-19,2015-05-21,2,1,0.0003283059653211115,0.006259446025280104,0.0007161922179154212
SPY,2015-05-22,2015-07-17,38,1,0.0023886895101287494,0.006219898370838989,0.00041089590991999427
SPY,2015-07-21,2016-04-18,187,1,0.003951472232101809,0.008122845151998596,0.00021187059229541336
SPY,2016-04-21,2016-05-27,26,1,0.005378140628880173,0.006491201866491264,0.0010157046405006953
SPY,2016-05-31,2016-06-01,1,1,0.001902461231265733,0.006929180115777018,0.0008032694934055902
SPY,2016-06-03,2016-06-06,1,1,0.0029872617301116323,0.006305321881992437,0.0012086222174177638
SPY,2016-06-09,2016-07-08,20,1,0.00136530293673721,0.005854559220533636,0.000822109524046369
SPY,2016-07-13,2016-07-14,1,1,0.00013931406277378622,0.012278592435823235,0.0017025493490079426
SPY,2016-07-15,2016-07-18,1,1,0.001341947081550319,0.012275330597652297,0.0020639282093319546
SPY,2016-07-19,2016-07-20,1,1,0.0010167526826501455,0.012224666112097111,0.0021790582530315595
SPY,2016-07-21,2016-07-22,1,1,0.00377707395450197,0.012259981789477407,0.0017560171996932133
SPY,2016-07-25,2016-08-05,9,1,0.0027156218825926566,0.012026406023050409,0.0013012466874207393
SPY,2016-08-08,2016-08-09,1,1,0.0005959306217850076,0.0035952622877615703,0.0011941139137105652
SPY,2016-08-10,2016-08-11,1,1,0.0024749505636365264,0.0033378610729477894,0.0005922497114504882
SPY,2016-08-12,2016-08-15,1,1,0.0008686447780356999,0.003285105288363047,0.0005128282372742065
SPY,2016-08-16,2016-11-15,64,1,0.00515752503061674,0.003499698390478271,0.0003398485672213027
SPY,2016-11-16,2016-11-17,1,1,0.001878248575146743,0.006470689339158371,0.000918032400836719
SPY,2016-11-18,2016-11-21,1,1,0.002237547150390282,0.0065347937629572864,0.0010176602069054002
SPY,2016-11-28,2016-12-06,6,1,0.004695316341895305,0.0066242849267843145,0.0016055588213494953
SPY,2016-12-12,2016-12-13,1,1,0.00114775411345923,0.004444572855572371,0.0020053294655764118
SPY,2016-12-14,2017-01-04,13,1,0.008254161678069753,0.00501269940685629,0.0019998972331352733
SPY,2017-01-05,2017-01-06,1,1,0.0007941992318127835,0.005138234428524611,0.0014294024554829161
SPY,2017-01-09,2017-01-24,10,1,0.0033009199592444354,0.004506805318300761,0.0006725704097783133
SPY,2017-01-26,2017-02-09,10,1,0.0010455247866976128,0.004365152777881508,0.000757665232797314
SPY,2017-02-16,2017-02-17,1,1,0.0008513910052876219,0.003943171742646418,0.0016450046195539817
SPY,2017-02-22,2017-02-24,2,1,0.0008878128185674438,0.003747504360800552,0.0020866362301300546
SPY,2017-02-28,2017-03-01,1,1,0.0026993322516130755,0.003286086276146506,0.0015347760023528576
SPY,2017-03-02,2017-05-02,42,1,0.006297541960457137,0.004234186216721392,0.0021963181138281943
SPY,2017-05-03,2017-05-05,2,1,0.0012146821331178816,0.004507964967754405,0.0006331627912166649
SPY,2017-05-08,2017-05-10,2,1,0.00016664427613630932,0.0044694593589731605,0.0008459594296920282
SPY,2017-05-11,2017-05-15,2,1,0.0020426232170788847,0.0044954782252032074,0.0008672087053707548
SPY,2017-05-16,2017-05-24,6,1,0.0009152069343070743,0.0037995212440455907,0.0011056224966473414
SPY,2017-05-26,2017-06-01,3,1,0.00020714902887792846,0.005006293886903371,0.0006166628643729235
SPY,2017-06-05,2017-06-13,6,1,0.0007371796396302124,0.005234186192820249,0.001031834581578817
SPY,2017-06-14,2017-06-19,3,1,0.0012677863539302025,0.005208245701212282,0.0007744385826419877
SPY,2017-06-20,2017-07-14,17,1,0.006744155336164838,0.003643459784760589,0.0011616656121194381
SPY,2017-07-17,2017-07-18,1,1,0.00012229995222114276,0.005256548093831761,0.0005742103248996572
SPY,2017-07-21,2017-07-25,2,1,0.0008903081282515779,0.004811836525358066,0.0007641304831925134
SPY,2017-07-27,2017-08-02,4,1,0.0009293907218185371,0.004399774037742223,0.0011444082745391587
SPY,2017-08-03,2017-08-07,2,1,0.0019397378392188112,0.003481196349632752,0.0008148574469070852
SPY,2017-08-08,2017-09-11,23,1,0.00246085889931157,0.0024781328064473304,0.0009511927376584596
SPY,2017-09-14,2017-09-15,1,1,0.0003199600396440962,0.005594289993314288,0.0006865929930132576
SPY,2017-09-21,2017-09-28,5,1,0.0026794427745737244,0.0036634453820046345,0.0009959933135405192
SPY,2017-10-06,2017-10-11,3,1,0.0011387135668341694,0.002972302035400648,0.001660875552381447
SPY,2017-10-12,2017-10-16,2,1,0.0014901544174137824,0.0022252076122492304,0.001079073616637358
SPY,2017-10-23,2017-10-27,4,1,0.0038893040681750425,0.002469733024252705,0.0012566014980772752
SPY,2017-10-30,2017-11-03,4,1,0.003724939855382712,0.003231526216147473,0.0010349574009522753
SPY,2017-11-07,2017-11-08,1,1,0.00069531221968985,0.0029142362987307183,0.000876945324493432
SPY,2017-11-09,2017-11-21,8,1,0.003627678248933751,0.0030456375161817717,0.0005845893429599592
SPY,2017-11-22,2017-11-24,1,1,0.0008845476930583314,0.0038189763155921557,0.0005902670255416467
SPY,2017-11-27,2017-11-28,1,1,0.0004989342015880321,0.0036267858501650638,0.0008511399125445187
SPY,2017-11-29,2017-11-30,1,1,0.0006087141376195081,0.003709640168332541,0.001092752560070896
SPY,2017-12-01,2017-12-08,5,1,0.002075389285076381,0.0041380328504906925,0.0012718704128046624
SPY,2017-12-13,2017-12-15,2,1,0.00011266928560173809,0.004256777754491315,0.0015273419750751849
SPY,2017-12-19,2018-01-02,8,1,0.003840480254596162,0.004256897685073597,0.0019317591511293034
SPY,2018-01-10,2018-01-11,1,1,0.0015297263239095788,0.0037094612650441184,0.0017624772694686843
SPY,2018-01-16,2018-01-17,1,1,0.0034184111265503987,0.004172810517837043,0.0020331196273364956
SPY,2018-01-18,2018-01-19,1,1,0.001680987278698708,0.004124671235102428,0.0022048373015116206
SPY,2018-01-24,2018-01-25,1,1,0.0003881673994704656,0.004006287366332619,0.0026983027466569993
SPY,2018-01-29,2018-08-06,131,1,0.006629921618993633,0.004798939131881246,0.0029961450095315778
SPY,2018-08-08,2018-08-20,8,1,0.0004205082841217688,0.0046175078898825165,0.0011070831179085614
SPY,2018-08-22,2018-08-24,2,1,0.0005934885908932341,0.004917595953480928,0.000764912328856245
SPY,2018-08-30,2018-09-20,14,1,0.004048724343984225,0.004532013513582968,0.0015741992705429325
SPY,2018-09-21,2019-04-12,139,1,0.0009135401736932517,0.003953343546347262,0.0011738019601043818
SPY,2019-04-15,2019-04-16,1,1,0.0006549831015284018,0.006617832762450533,0.0014438123927025181
SPY,2019-04-17,2019-04-22,2,1,0.0024469049186314797,0.006648336690443357,0.001174191466602616
SPY,2019-04-24,2019-04-26,2,1,0.002219447463071381,0.004402204564163435,0.002199312876885137
SPY,2019-05-01,2019-05-03,2,1,0.007516495190427058,0.003707422840002049,0.0009859792714824345
SPY,2019-05-06,2019-06-20,32,1,0.004115404140083216,0.004382441751445745,0.0009261283266396868
SPY,2019-06-21,2019-07-01,6,1,0.0014533926751436647,0.008240094222435459,0.0016064075449899922
SPY,2019-07-05,2019-07-11,4,1,0.0011377584736435272,0.00510001595970873,0.0027705777069008874
SPY,2019-07-16,2019-07-24,6,1,0.0032251284485788124,0.0050504285707050145,0.0019321548485335617
SPY,2019-07-25,2019-07-26,1,1,0.0047769067560372025,0.004635296925179351,0.001489722127470013
SPY,2019-07-29,2019-10-25,63,1,0.0018212242109516804,0.004779956228976054,0.0015998685747385263
SPY,2019-10-29,2019-10-30,1,1,0.000296634224995234,0.008471733856712405,0.0010222997434295971
SPY,2019-10-31,2019-11-01,1,1,0.002663326823788017,0.006655718054747893,0.002459647849810395
SPY,2019-11-05,2019-11-07,2,1,0.0011060824908625225,0.006109176561206094,0.002214291839685561
SPY,2019-11-11,2019-11-12,1,1,0.0019097043635131652,0.003934668143187475,0.00190146938023719
SPY,2019-11-19,2019-11-25,4,1,0.0002884517037525717,0.0031451953925768004,0.0018585589956376988
SPY,2019-11-29,2019-12-12,9,1,0.003708851377909721,0.003598736565435783,0.0015662637217376495
SPY,2019-12-27,2020-01-02,3,1,0.0002477603078266716,0.004646262534151422,0.0015464607174996811
SPY,2020-01-03,2020-01-09,4,1,0.007572033719726617,0.004539498806386901,0.0021718502581819002
SPY,2020-01-10,2020-01-13,1,1,0.002877608407670869,0.004431871747229336,0.002048435159256108
SPY,2020-01-14,2020-01-15,1,1,0.0015242353315896627,0.004379586957372487,0.0017584747999330932
SPY,2020-01-21,2020-02-05,11,1,0.0019584629157163255,0.00452145293277068,0.0019471284984730417
SPY,2020-02-07,2020-02-10,1,1,0.005329341170551316,0.00841751917785998,0.0011240905990134453
SPY,2020-02-13,2020-02-14,1,1,0.001067075735457852,0.008370227014289668,0.0013773974560020367
SPY,2020-02-18,2020-02-19,1,1,0.0025769466150077167,0.008252680148097984,0.0008288031635607414
SPY,2020-02-20,2020-08-10,119,1,0.004108351770693254,0.008334088979097976,0.0008052605419071876
SPY,2020-08-11,2020-08-12,1,1,0.008254584449282482,0.006894270976265995,0.002641756555258652
SPY,2020-08-13,2020-08-17,2,1,0.001807915293531313,0.006870933145658618,0.0021663085701709448
SPY,2020-08-19,2020-08-21,2,1,0.00416366447763082,0.006787609254186891,0.001757592238253365
SPY,2020-08-31,2020-09-01,1,1,0.003622483296135,0.005143096767134942,0.003212796714802529
SPY,2020-09-03,2020-11-11,48,1,0.034414589384114,0.0102272931622537,0.001867048563114249
SPY,2020-11-12,2020-11-13,1,1,0.00970095670262728,0.013543052622542098,0.0007172177061251119
SPY,2020-11-17,2020-11-24,5,1,0.0053783656099132705,0.013566159235735283,0.0025230968150278493
SPY,2020-11-25,2020-11-27,1,1,0.001541656167802961,0.013540628432684958,0.0033223421536389985
SPY,2020-11-30,2020-12-01,1,1,0.004427331099767259,0.010499075732042866,0.004417982935949863
SPY,2020-12-03,2020-12-04,1,1,0.0002724977107858651,0.009575740863342843,0.004157919044055126
SPY,2020-12-07,2020-12-08,1,1,0.002055307076140092,0.008007303745174221,0.0024962689322746787
SPY,2020-12-09,2020-12-16,5,1,0.008969011816748603,0.00803625579017617,0.0016226315139741625
SPY,2020-12-18,2020-12-28,5,1,0.003992598163089994,0.00652813102478569,0.0018962482953372932
SPY,2020-12-29,2020-12-31,2,1,0.0019077796964112003,0.005653065356661749,0.0012117987524745142
SPY,2021-01-04,2021-01-07,3,1,0.013614022891060382,0.006077357946968101,0.0004615102130098478
SPY,2021-01-11,2021-01-20,6,1,0.006740768056753895,0.006677971024952778,0.001715178467119874
SPY,2021-01-22,2021-01-25,1,1,0.0035394044337341093,0.006890930732016636,0.0019056810850654193
SPY,2021-01-26,2021-02-04,7,1,0.0015610932411442605,0.0068972817978065195,0.002056276071678891
SPY,2021-02-09,2021-02-11,2,1,0.0006656064309216118,0.01033117757845716,0.0011098114269398834
SPY,2021-02-16,2021-03-11,17,1,0.0008660461324648994,0.010152820246003658,0.0017103038118730259
SPY,2021-03-16,2021-03-17,1,1,0.001261285265563315,0.011240040958319913,0.00039494904753702685
SPY,2021-03-18,2021-03-26,6,1,0.014549664537802367,0.011737519314049354,-0.00011056494920264828
SPY,2021-03-29,2021-03-31,2,1,0.0005051623999969147,0.010690729650187122,0.002048108211959712
SPY,2021-04-06,2021-04-07,1,1,0.0005905177040729559,0.007884012247851221,0.0028685499775080677
SPY,2021-04-14,2021-04-15,1,1,0.003415145559578707,0.007180916751418842,0.0019289653004702532
SPY,2021-04-19,2021-04-26,5,1,0.004913023278286434,0.006508706299191524,0.0029580896764420557
SPY,2021-04-27,2021-04-29,2,1,0.00021563511034100724,0.0063358016263885715,0.0025223043652675722
SPY,2021-04-30,2021-05-07,5,1,0.0065704799859738275,0.006595775285843212,0.002455156816067656
SPY,2021-05-10,2021-06-04,18,1,0.00990233052746531,0.006511624208960777,0.0007406280792295677
SPY,2021-06-07,2021-06-10,3,1,0.0009703430684644688,0.008616462057522615,0.0003532102376084281
SPY,2021-06-15,2021-06-24,7,1,0.0018343478053750371,0.004677729638737461,0.0008945869860362122
SPY,2021-07-06,2021-07-07,1,1,0.0018214625381782832,0.005441078607508444,0.001305526830855157
SPY,2021-07-08,2021-07-09,1,1,0.00814795160319576,0.005830727053018029,0.001120003480241474
SPY,2021-07-13,2021-07-23,8,1,0.0034089669086357632,0.006227247453158994,0.001404916306343272
SPY,2021-07-27,2021-08-03,5,1,0.004557777971913974,0.006982522771821183,0.001364380244766378
SPY,2021-08-04,2021-08-05,1,1,0.00491921314737272,0.007223484859156961,0.0006608423567894555
SPY,2021-08-09,2021-08-10,1,1,0.0008135220270676848,0.0066822775563424724,0.0007172960647916444
SPY,2021-08-17,2021-08-23,4,1,0.006555010037409214,0.0052873208102844045,0.002090295807470563
SPY,2021-08-26,2021-08-27,1,1,0.005903193374563463,0.005190269350093779,0.000799499143673508
SPY,2021-08-31,2021-09-02,2,1,0.0014818156389739406,0.005294428057773372,0.001496462000583968
SPY,2021-09-03,2021-10-20,32,1,0.00024261338888145094,0.0047807395214242284,0.0012048474737133418
SPY,2021-10-22,2021-10-25,1,1,0.0010361403202465602,0.008844290669124018,0.001056232785555555
SPY,2021-10-27,2021-10-28,1,1,0.004429889056263037,0.007459085827416145,0.0021698145842342378
SPY,2021-11-09,2021-11-16,5,1,0.003305326030564019,0.0047061986536543286,0.003452829060929073
SPY,2021-11-17,2021-11-18,1,1,0.002429066391206908,0.004154099984601163,0.0018142296599822545
SPY,2021-11-19,2021-12-10,14,1,0.0017882110901846812,0.0042094520985011385,0.0015797388005059844
SPY,2021-12-13,2021-12-23,8,1,0.008858424582462691,0.010865684910664185,0.00028663411965838386
SPY,2021-12-28,2021-12-29,1,1,0.0008174037035988622,0.012046294024644858,0.0019888490909936484
SPY,2021-12-30,2022-01-03,2,1,0.0027645042386433756,0.010842928125983644,0.00227302915959925
SPY,2022-01-04,2023-12-13,488,1,0.00033473931067268514,0.009802015316935343,0.0026360507347515847
SPY,2023-12-15,2023-12-18,1,1,0.0016465000117034214,0.004410424765173764,0.00222934501584897
SPY,2023-12-20,2023-12-26,3,1,0.013857380583936969,0.0056487041156443275,0.0016381056183408915
SPY,2023-12-29,2024-01-19,13,1,0.002895046188518215,0.005831399764024064,0.0023130210213299957
SPY,2024-01-26,2024-01-29,1,1,0.001270346979865809,0.00570868489199361,0.0011630145949364761
SPY,2024-01-30,2024-02-02,3,1,0.0007733555646462635,0.005910048126312068,0.0013977990038159887
SPY,2024-02-05,2024-02-07,2,1,0.003641037276658129,0.007254967310601156,0.0025079706599147335
SPY,2024-02-12,2024-02-15,3,1,0.0004388911763228252,0.006847030977744879,0.0024006327129700955
SPY,2024-02-16,2024-02-22,3,1,0.004979919478028233,0.007666753864295073,0.002246715415166652
SPY,2024-02-26,2024-02-29,3,1,0.003662552672696403,0.008623191190696093,0.001720961651217418
SPY,2024-03-04,2024-03-07,3,1,0.0010725169682200804,0.007246941241660208,0.0021970887404933743
SPY,2024-03-08,2024-03-12,2,1,0.00600225698311636,0.00767125452870553,0.001284600462864145
SPY,2024-03-13,2024-03-19,4,1,0.0015674457678751892,0.007919332185879112,0.0014039262038563203
SPY,2024-03-22,2024-03-27,3,1,0.001895970075854966,0.005799622865874086,0.0014170730430553512
SPY,2024-03-28,2024-05-14,32,1,0.00019126510604458084,0.00598320306684062,0.0017031899280535092
SPY,2024-05-16,2024-05-20,2,1,0.002057544449627807,0.007416459543619323,0.0026045155537912307
SPY,2024-05-22,2024-06-05,9,1,0.0028790574660764456,0.0065270078001557486,0.0022243686163974717
SPY,2024-06-06,2024-06-10,2,1,1.8709281733134313e-05,0.005437427327043181,0.0015865356206519082
SPY,2024-06-20,2024-07-02,8,1,0.0027166450317013383,0.00523013758128808,0.00149802939516601
SPY,2024-07-11,2024-07-15,2,1,0.008622723484314816,0.0044466337498278285,0.0019691664516099205
SPY,2024-07-17,2024-09-19,45,1,0.014021174470158323,0.005662248289145688,0.001379725454779431
SPY,2024-09-20,2024-09-23,1,1,0.001728744971970516,0.009132473942581855,0.0007895586709648694
SPY,2024-09-25,2024-09-26,1,1,0.002205561460083644,0.008668769117628749,0.0009248854801359423
SPY,2024-09-27,2024-09-30,1,1,0.0014504715688140254,0.008572534044935493,0.0012560947231019344
SPY,2024-10-01,2024-10-09,6,1,0.008958540922530905,0.008668871286198877,0.00056133134967869
SPY,2024-10-10,2024-10-11,1,1,0.001749953629888898,0.006153081107039328,0.0019749271359498
SPY,2024-10-15,2024-10-18,3,1,0.007769734145458431,0.006524196612771308,0.0015578957368222405
SPY,2024-10-21,2024-11-06,12,1,0.0016422048779181366,0.005505831181311788,0.0012717046093861921
SPY,2024-11-12,2024-11-26,10,1,0.0031063437917482717,0.008475874234741896,0.0010143291472280267
SPY,2024-11-27,2024-11-29,1,1,0.0030300598777294402,0.008787170476296473,0.0013763068415464544
SPY,2024-12-05,2024-12-06,1,1,0.0016456005888160136,0.006988332013456473,0.002411719379900285
SPY,2024-12-09,2025-01-22,28,1,0.005149728556849383,0.004773177060517925,0.0007196826313990466
SPY,2025-01-24,2025-02-18,16,1,0.0029190754497478294,0.00872994904819443,0.0013359906712148443
SPY,2025-02-20,2025-06-26,87,1,0.004160263858176231,0.006395275921847957,0.0005753119632627462
SPY,2025-07-01,2025-07-02,1,1,0.000323679349030939,0.006129867202759307,0.0023707483412083942
SPY,2025-07-07,2025-07-10,3,1,0.007452017083297365,0.006530341485272778,0.0020783003798400044
SPY,2025-07-11,2025-07-17,4,1,0.003515423870595577,0.006229458150415509,0.0017353917891601107
SPY,2025-07-18,2025-07-21,1,1,0.0007325109099924034,0.004836186908197013,0.002477065803083791
SPY,2025-07-28,2025-08-08,9,1,0.00025100355530401525,0.004057354861008766,0.001912176261436036
SPY,2025-08-11,2025-08-12,1,1,0.001977539677012449,0.006396905589429601,0.0009300733272550608
SPY,2025-08-15,2025-08-22,5,1,0.0023412898567806693,0.00658641003379006,0.0011535704464338916
SPY,2025-08-25,2025-08-27,2,1,0.0044008717131437695,0.007426309916953727,0.00039969443758763645
SPY,2025-08-29,2025-09-04,3,1,0.005963681603979178,0.007532833349842476,0.0009672308762016699
SPY,2025-09-05,2025-09-09,2,1,0.0028961484545497688,0.005948452539380541,0.0010759218322924625
SPY,2025-09-12,2025-09-15,1,1,0.00033470650984506064,0.005540309831183762,0.0009156227877461866
SPY,2025-09-16,2025-09-18,2,1,0.0013767927852817005,0.0055917214588516945,0.0012100500160706065
SPY,2025-09-23,2025-10-01,6,1,0.0054435663888288,0.004623262459500914,0.001434745539606244
SPY,2025-10-03,2025-10-06,1,1,1.4767329348145115e-05,0.0036945375425003987,0.0015832889794833373
SPY,2025-10-07,2025-10-08,1,1,0.0037074922509619007,0.0037694734280497703,0.0015981581488283643
SPY,2025-10-09,2025-10-24,11,1,0.002897008379237438,0.004005836483556136,0.0014956912386356197
SPY,2025-10-30,2025-12-10,28,1,0.010998143937076921,0.009064141259843976,0.000803868180791272
SPY,2025-12-12,2025-12-23,7,1,0.010751968918511394,0.008312108227356525,-0.0001130191145154345
SPY,2025-12-26,2025-12-31,3,0,0.00010141503224315424,0.005497619749682655,0.00120709135657926
QQQ,2015-01-05,2015-01-08,3,1,0.014668830657009989,,
QQQ,2015-01-09,2015-01-22,8,1,0.006583148988991876,,
QQQ,2015-01-26,2015-02-10,11,1,0.0011510260802694587,,
QQQ,2015-02-25,2015-02-26,1,1,0.0024859879567629478,0.00900425932120225,0.0018783747511861065
QQQ,2015-02-27,2015-03-02,1,1,0.004408515474683907,0.006248616020797036,0.003404750492996831
QQQ,2015-03-03,2015-04-24,37,1,0.0046621763376211685,0.005975001525141894,0.0035259339856627044
QQQ,2015-04-27,2015-05-21,18,1,0.00253297483656085,0.007548918744650778,0.0022823326506509786
QQQ,2015-05-22,2015-05-27,2,1,0.000994649194534759,0.008532597818876624,0.0006117079925182076
QQQ,2015-05-28,2015-06-23,18,1,0.0022531971453883196,0.009122844015745663,0.00028905297981934993
QQQ,2015-06-24,2015-07-16,15,1,0.005144740360189828,0.007495461781232111,0.0005521379322728324
QQQ,2015-07-21,2015-10-28,70,1,0.0006140449134548072,0.010086780563288333,0.0017108958208396346
QQQ,2015-10-29,2015-11-02,2,1,0.001578500087497762,0.009201257355452035,0.005341751504858631
QQQ,2015-11-05,2015-12-01,17,1,0.0026953656642559358,0.00880914096347362,0.003926891799072374
QQQ,2015-12-02,2016-07-27,163,1,0.006165221674207155,0.00836121437655157,-6.651539172608559e-05
QQQ,2016-08-02,2016-08-05,3,1,0.007596868498496764,0.005682986222459618,0.0029386883328550335
QQQ,2016-08-08,2016-08-09,1,1,0.0011133774963748792,0.004696948265512447,0.002665429620496336
QQQ,2016-08-10,2016-08-11,1,1,0.00256580444591364,0.004733936127135731,0.002142191636877935
QQQ,2016-08-16,2016-09-06,14,1,0.005522402973185524,0.004691715469623086,0.0018710716792790186
QQQ,2016-09-08,2016-09-21,9,1,0.005851677845980825,0.0034051861503879254,0.0001260854673980859
QQQ,2016-09-23,2016-10-10,11,1,0.006381902682893276,0.009017563416062371,0.0007388829777706402
QQQ,2016-10-11,2016-10-24,9,1,0.01425957389583076,0.007423321576283038,0.0006038047449630624
QQQ,2016-10-25,2016-12-13,34,1,0.0031780059423068426,0.0060560003158231495,0.0007449183371714328
QQQ,2016-12-14,2016-12-20,4,1,0.0020751537868580897,0.007968286570859814,0.0022633685066447513
QQQ,2016-12-21,2016-12-27,3,1,0.0007467732026267982,0.007106627574672118,0.0009057338777236681
QQQ,2016-12-28,2017-01-05,5,1,0.007780134769615695,0.0073229022353542466,0.0006799033466597265
QQQ,2017-01-12,2017-01-13,1,1,0.0015457054523565516,0.005478564433411986,0.0016301756924590616
QQQ,2017-01-17,2017-01-20,3,1,0.003004318481106183,0.00493781997153463,0.0011518154437978004
QQQ,2017-01-30,2017-02-06,5,1,0.007790077212476254,0.005073351960469169,0.001922937393582779
QQQ,2017-02-16,2017-02-17,1,1,0.00030928845436200777,0.003749706261064859,0.0023447083321473513
QQQ,2017-02-23,2017-03-01,4,1,0.0037548515051647724,0.0038918016230778964,0.0021847124021812407
QQQ,2017-03-02,2017-03-13,7,1,0.0050215438556072325,0.003729657086281481,0.0023165993551993113
QQQ,2017-03-14,2017-03-15,1,1,0.0024314928719432064,0.003811698695613914,0.0014397086196422776
QQQ,2017-03-16,2017-03-29,9,1,0.000681418602604759,0.00384329785585239,0.0012721539380082412
QQQ,2017-03-31,2017-04-04,2,1,0.0006792674313997497,0.0046104893139997565,0.0006780194311665726
QQQ,2017-04-05,2017-04-20,10,1,0.004075110542680081,0.004663321163518113,0.0006286932607241768
QQQ,2017-04-21,2017-04-24,1,1,0.00022668595638181122,0.003734398235278921,0.0006765108201029227
QQQ,2017-04-26,2017-04-27,1,1,0.001405694930008693,0.0046247343406665715,0.0014692925732046514
QQQ,2017-05-03,2017-05-05,2,1,0.003201273242791414,0.004917728715699092,0.0016588577856929366
QQQ,2017-05-11,2017-05-12,1,1,0.0007945331190370396,0.004536061059756249,0.0024155463593752
QQQ,2017-05-17,2017-05-24,5,1,0.025426068774324104,0.007300958544107231,0.0017065235855080046
QQQ,2017-05-31,2017-06-01,1,1,0.0003537330072811191,0.006930579070916516,0.001398804275114809
QQQ,2017-06-05,2017-06-08,3,1,0.00020928421859126408,0.007189353876871577,0.0021702098554007066
QQQ,2017-06-09,2017-07-19,27,1,0.025005095418414305,0.009406326452644768,0.0005405594209170261
QQQ,2017-07-21,2017-07-24,1,1,0.00041593617681545805,0.008939707947467556,0.0011267999268355646
QQQ,2017-07-25,2017-07-26,1,1,0.0025557424914943528,0.008984403848207935,0.001053650241973921
QQQ,2017-07-27,2017-08-31,25,1,0.00628121537940793,0.007895147848005518,0.002003075927104858
QQQ,2017-09-01,2017-09-12,6,1,0.001368161212120944,0.009184388601763146,0.0008589554202635399
QQQ,2017-09-14,2017-10-05,15,1,0.005873305313321961,0.008071998498678203,0.00050320106259279
QQQ,2017-10-09,2017-10-11,2,1,0.001151196060696012,0.005311315148836869,0.0011750588574295628
QQQ,2017-10-12,2017-10-13,1,1,0.0018240873242985126,0.004802078599057902,0.000541148433703832
QQQ,2017-10-18,2017-10-27,7,1,0.0012075384778412468,0.0046117839945211256,0.0009890792875163414
QQQ,2017-11-01,2017-11-03,2,1,0.00032868888865091343,0.007047399606638085,0.0019850090194811383
QQQ,2017-11-09,2017-11-16,5,1,0.005242931982219223,0.007251391060641272,0.00178356555641014
QQQ,2017-11-17,2017-11-21,2,1,0.003818023450754126,0.007804698263964338,0.0017772951287966941
QQQ,2017-11-27,2017-11-28,1,1,0.0004477513323105703,0.007624444004521707,0.0029006159450600897
QQQ,2017-11-29,2017-12-15,12,1,0.017434357807512756,0.006385266470898546,0.0007109279577900205
QQQ,2017-12-19,2018-01-03,9,1,0.005925853312221688,0.00702690260542302,0.0012454925965391336
QQQ,2018-01-10,2018-01-11,1,1,0.002337742720549824,0.0062176909917693295,0.0023480030022015926
QQQ,2018-01-16,2018-01-17,1,1,0.0028570136690761546,0.006331989811114296,0.002489788957388327
QQQ,2018-01-24,2018-01-26,2,1,0.006489299210822211,0.006460615805532142,0.003174215450247707
QQQ,2018-01-29,2018-03-09,28,1,0.004855761093954743,0.006863722780003678,0.003955946289426695
QQQ,2018-03-13,2018-06-04,57,1,0.013614813292693517,0.011210533388089776,0.004538576419079702
QQQ,2018-06-07,2018-06-14,5,1,0.008131675120139481,0.006823697377625048,0.0023387618230522765
QQQ,2018-06-15,2018-06-20,3,1,0.0034909767639862603,0.00590592427144181,0.0022026842793410896
QQQ,2018-06-21,2018-07-10,12,1,0.008688312784689256,0.00615981700598256,0.002187532788348331
QQQ,2018-07-11,2018-07-12,1,1,0.0050758368134609395,0.009371439614773127,0.0005111365529560077
QQQ,2018-07-16,2018-07-17,1,1,0.002394165209007712,0.009812153057647457,0.00052357486667918
QQQ,2018-07-18,2018-07-24,4,1,0.0018860246454551245,0.009852577910313604,0.0009165308031525539
QQQ,2018-07-26,2018-08-27,22,1,0.015151537747780712,0.009121644486280535,0.0021587143939349653
QQQ,2018-08-30,2019-04-12,154,1,0.0017670013485049031,0.0060625308097354245,0.0024343440844793694
QQQ,2019-04-24,2019-04-25,1,1,0.0031526961442458336,0.004803580236802782,0.0029751378238714824
QQQ,2019-04-30,2019-05-03,3,1,0.007747629292672211,0.004832467485499321,0.0025492410835887655
QQQ,2019-05-06,2019-07-03,41,1,0.006122077173825585,0.005689684227673936,0.0015880842551568328
QQQ,2019-07-05,2019-07-10,3,1,0.002037359142041829,0.007943761335123149,0.003955584334648087
QQQ,2019-07-11,2019-07-12,1,1,0.0007271058039487835,0.007345957907131051,0.0023914087572055234
QQQ,2019-07-16,2019-07-24,6,1,0.005150751361432315,0.007147148038798244,0.002769464637688199
QQQ,2019-07-25,2019-07-26,1,1,0.0094800124719641,0.006197532631234995,0.002107902073216523
QQQ,2019-07-29,2019-10-25,63,1,0.003430670263803558,0.006540814167532017,0.0020294180797602603
QQQ,2019-10-29,2019-11-01,3,1,0.007744157527716271,0.009781571612933975,0.0017894060237639551
QQQ,2019-11-06,2019-11-07,1,1,0.0022475803381776637,0.0068101700110621485,0.0035473085858817653
QQQ,2019-11-11,2019-11-12,1,1,0.0013419175685067026,0.006256126444946897,0.0023931708427613755
QQQ,2019-11-14,2019-11-15,1,1,0.0007937320044643992,0.005744612455329537,0.0020259293914234246
QQQ,2019-11-20,2019-11-25,3,1,0.0059989616686580765,0.004829499757961301,0.0024902933830371603
QQQ,2019-11-29,2019-12-12,9,1,0.004562268367132734,0.004445972769597434,0.0019211882588892203
QQQ,2019-12-27,2020-01-02,3,1,0.0008416150470442119,0.0056512485157974015,0.0021529638739658345
QQQ,2020-01-03,2020-01-08,3,1,0.009159704041012427,0.005965345917245621,0.0030304765843116965
QQQ,2020-01-10,2020-01-13,1,1,0.002557291980348256,0.005811875883792839,0.0033810268177951667
QQQ,2020-01-14,2020-01-16,2,1,0.003937490590173565,0.006218241540740631,0.003133711513321604
QQQ,2020-01-21,2020-01-22,1,1,0.0004475379106571436,0.006239578885598609,0.0031252330532683305
QQQ,2020-01-24,2020-02-04,7,1,0.008415250689068796,0.006673718208996338,0.002387443059649764
QQQ,2020-02-07,2020-02-10,1,1,0.004300882675555121,0.010172339953477046,0.00257174912778015
QQQ,2020-02-13,2020-02-14,1,1,0.0012806080186185795,0.010112151691008495,0.002914367925248319
QQQ,2020-02-20,2020-06-03,72,1,0.009283599430890844,0.010425906794079285,0.002391527329381084
QQQ,2020-06-04,2020-06-05,1,1,0.007013511563269193,0.010497939701053635,0.003656141837092508
QQQ,2020-06-11,2020-06-22,7,1,0.04954916193729005,0.015270560818813549,0.002485182948955596
QQQ,2020-06-24,2020-07-01,5,1,0.020615769825737307,0.015097404599531954,0.0030390424810668192
QQQ,2020-07-07,2020-07-08,1,1,0.006888855628855022,0.016943010237271485,0.0033308744928191303
QQQ,2020-07-13,2020-07-20,5,1,0.020570628813076867,0.012976977583299496,0.004827686928794745
QQQ,2020-07-21,2020-08-03,9,1,0.010420499530348144,0.014202983048861265,0.0037873800864814677
QQQ,2020-08-07,2020-08-17,6,1,0.011542533653615124,0.013555410445249497,0.0016580905498877884
QQQ,2020-08-19,2020-08-20,1,1,0.006727596787221669,0.013119691748646032,0.0021339985870493646
QQQ,2020-08-27,2020-08-28,1,1,0.0031168282253602507,0.010732372786053672,0.0054142077602318765
QQQ,2020-09-03,2020-12-01,61,1,0.05070025442959635,0.016414456434502407,0.0027907828432892586
QQQ,2020-12-09,2020-12-16,5,1,0.0226411889596603,0.010320025419942742,0.0020539311182263243
QQQ,2020-12-18,2020-12-28,5,1,0.0030226710583587274,0.007860910358099932,0.0031669288553943836
QQQ,2021-01-04,2021-01-07,3,1,0.014120061621529399,0.007750399441223618,0.0009343013057419362
QQQ,2021-01-11,2021-01-20,6,1,0.014450176596556199,0.009348780385501264,0.0021143350713293506
QQQ,2021-01-22,2021-01-25,1,1,0.002880215918671439,0.010935321941353106,0.002477816869027281
QQQ,2021-01-27,2021-02-04,6,1,0.027876884965039622,0.012827033485493878,0.0014945738143803049
QQQ,2021-02-09,2021-02-11,2,1,0.0002097384329537401,0.013239180811645322,0.0021137025595154672
QQQ,2021-02-16,2021-04-09,37,1,0.002704744406754028,0.012613363020806225,0.0031063929225181447
QQQ,2021-04-12,2021-04-13,1,1,0.0013050643399518161,0.012264282061075427,0.002770876891436124
QQQ,2021-04-14,2021-04-15,1,1,0.012008208474420719,0.01250118142210393,0.0026300914138368612
QQQ,2021-04-19,2021-06-14,39,1,0.009151958200727573,0.010569184142233281,0.003989360946643634
QQQ,2021-06-15,2021-06-17,2,1,0.006530663511725008,0.008233070564662845,0.0022608334267808436
QQQ,2021-06-18,2021-06-22,2,1,0.007847207433165094,0.008486654734945193,0.0028699646176963073
QQQ,2021-06-25,2021-06-28,1,1,0.0012290065658935147,0.007024087194291205,0.002191342895450245
QQQ,2021-06-30,2021-07-02,2,1,0.0015774979491553333,0.007137052083647777,0.0030508693517398155
QQQ,2021-07-08,2021-07-09,1,1,0.006039587572453221,0.006328487562052096,0.003070019976622659
QQQ,2021-07-15,2021-07-22,5,1,0.0070235559006547035,0.006012790459216198,0.0025302802172178125
QQQ,2021-07-27,2021-08-05,7,1,0.011018282909659338,0.007080935470296099,0.0019973949344322846
QQQ,2021-08-06,2021-08-23,11,1,0.00438243677453809,0.006506679934575239,0.0012160671581166582
QQQ,2021-08-26,2021-08-27,1,1,0.006350092313932741,0.006099861350443687,0.0008501675976869727
QQQ,2021-08-31,2021-09-01,1,1,0.0008153026277712787,0.006582844291480235,0.001963745530669359
QQQ,2021-09-02,2021-09-03,1,1,0.0004730885461389985,0.006534161816994024,0.0016635927420294483
QQQ,2021-09-08,2021-10-28,36,1,0.0034806073343721863,0.006417521856728099,0.0015312865628998508
QQQ,2021-11-08,2021-11-18,8,1,0.001354862002242523,0.006687516752751919,0.004632458249835368
QQQ,2021-11-22,2021-12-27,23,1,0.011609034160728978,0.00733689830421337,0.003104290173392806
QQQ,2021-12-28,2023-12-13,493,1,0.0046347296632658136,0.016136819386217683,0.0013113788040418695
QQQ,2023-12-14,2023-12-15,1,1,0.0008668404899198341,0.006158293916912694,0.002181135984167929
QQQ,2023-12-20,2023-12-26,3,1,0.014859750911708733,0.006968716229210596,0.0015756238837005795
QQQ,2023-12-28,2024-01-18,13,1,0.0004861133008106643,0.007055803278068479,0.002629058802614268
QQQ,2024-01-26,2024-01-29,1,1,0.005957629177027037,0.008899220604272715,0.0015004706469800306
QQQ,2024-01-30,2024-02-02,3,1,0.006656522595384374,0.009278706978930134,0.0015939073613372807
QQQ,2024-02-05,2024-02-07,2,1,0.0013054192903352451,0.00960769070710273,0.0037168018473885934
QQQ,2024-02-12,2024-02-22,7,1,0.0039125681576851696,0.009234859416284517,0.002931274599287743
QQQ,2024-02-23,2024-02-29,4,1,0.0029447127293663303,0.011315043126937346,0.0012090269250628592
QQQ,2024-03-04,2024-03-21,13,1,0.0035680676181607373,0.010237856098458835,0.0024356489933567583
QQQ,2024-03-25,2024-05-15,36,1,0.003629298054400567,0.009561674919971319,0.0009250760917521028
QQQ,2024-05-16,2024-05-20,2,1,0.0020314164265434593,0.010720235827028296,0.002836866544182454
QQQ,2024-05-22,2024-05-24,2,1,0.00019758471372898772,0.008659693479755887,0.003314415421330792
QQQ,2024-05-29,2024-06-05,5,1,0.007048247807729347,0.00860982511271779,0.002537958074637551
QQQ,2024-06-06,2024-06-10,2,1,0.00034518216945728856,0.006918930440119249,0.0024297193342124193
QQQ,2024-06-20,2024-07-02,8,1,0.007707874610756116,0.00733172979309999,0.002702114716957734
QQQ,2024-07-11,2024-11-06,83,1,0.021930112251635533,0.008802638333005064,0.0027739552182015972
QQQ,2024-11-11,2024-12-02,14,1,0.0005836330622655409,0.011293901659256153,0.001936803418985317
QQQ,2024-12-05,2024-12-06,1,1,0.0027713060059350383,0.010007363257474668,0.002780853821880063
QQQ,2024-12-09,2024-12-11,2,1,0.007787476889272065,0.008153722049335897,0.0008127373097783887
QQQ,2024-12-12,2024-12-13,1,1,0.006453840418471516,0.009149914154376214,0.0012452838115807347
QQQ,2024-12-17,2025-02-14,39,1,0.004403884847396428,0.00735504618287291,0.0036207802707568853
QQQ,2025-02-20,2025-06-24,85,1,0.004244510528245698,0.01025125964375554,0.0011147158822664214
QQQ,2025-07-01,2025-07-03,2,1,0.008429326500110943,0.007825887159691692,0.0025446324596380848
QQQ,2025-07-07,2025-07-09,2,1,0.00753288077013942,0.008182069049158879,0.002103401064991145
QQQ,2025-07-10,2025-07-15,3,1,0.0014381239409970502,0.007830171116166906,0.002224007249057871
QQQ,2025-07-18,2025-07-21,1,1,0.0009612365115678607,0.006069833434182655,0.0028651028997206227
QQQ,2025-07-22,2025-07-24,2,1,0.005175821567338454,0.006117945096609403,0.0030671822995411665
QQQ,2025-07-29,2025-08-07,7,1,0.001548851414103282,0.004966027185685563,0.0016370521428921841
QQQ,2025-08-11,2025-08-12,1,1,0.0029588631489427413,0.007729330376625119,0.001576101987592136
QQQ,2025-08-14,2025-09-09,17,1,0.0007753521412967118,0.008104426961944607,0.00189298689250002
QQQ,2025-09-16,2025-09-18,2,1,0.0008451865688337147,0.007163829923590877,0.0011280482743737381
QQQ,2025-09-23,2025-10-01,6,1,0.006642286502388998,0.005846277476474872,0.0021903462661618986
QQQ,2025-10-03,2025-10-06,1,1,0.00420970619420567,0.0044236052784672785,0.00231449627218986
QQQ,2025-10-07,2025-10-08,1,1,0.005265629590874828,0.004835620819668368,0.002118999706290095
QQQ,2025-10-09,2025-10-20,7,1,0.0012103265544168307,0.005285817996019958,0.002453817077703067
QQQ,2025-10-21,2025-10-24,3,1,0.0002614574712686766,0.010908344043340224,0.0007204351976881411
QQQ,2025-10-30,2025-12-31,42,0,0.0152886173090574,0.012421051792895972,0.0017665983962181359
GLD,2015-01-07,2015-01-09,2,1,0.005891414149803722,,
GLD,2015-01-13,2015-01-15,2,1,0.0033737677523711777,,
GLD,2015-01-23,2016-06-24,358,1,0.007985306821000201,,
GLD,2016-06-28,2016-07-01,3,1,0.01073571682250775,0.01414732907059519,0.0038362613447256687
GLD,2016-07-07,2016-07-08,1,1,0.0037624990436161423,0.013346737245193092,0.004186797607880412
GLD,2016-07-11,2019-06-20,741,1,0.009423926954219777,0.013441007712692674,0.003057302929529781
GLD,2019-06-26,2019-07-17,14,1,0.009165393111100019,0.007869894999122043,0.00455899685027205
GLD,2019-07-19,2019-08-05,11,1,0.014727392803034495,0.012205878803637008,0.002389077154328898
GLD,2019-08-09,2019-08-12,1,1,0.0033161732510502057,0.010121129199904863,0.0029767241311014696
GLD,2019-08-13,2019-08-14,1,1,0.005959518154781009,0.010377103848858912,0.002854780441092749
GLD,2019-08-16,2019-08-23,5,1,0.006402214255277104,0.009550186837099255,0.0021489010993368633
GLD,2019-08-28,2019-09-03,3,1,0.0028165394070235918,0.00993318051670377,0.003462381900487931
GLD,2019-09-05,2020-01-06,84,1,0.024001119491110137,0.010123644865562765,0.001428423822569327
GLD,2020-01-08,2020-01-24,11,1,0.007501524641443724,0.004845845852052459,0.0030944537088352327
GLD,2020-01-28,2020-01-31,3,1,0.00892678556962474,0.00585031807677663,0.001733942117239042
GLD,2020-02-03,2020-02-18,10,1,0.006495688802043552,0.006113917711521362,0.001436940994158063
GLD,2020-02-25,2020-03-05,7,1,0.01787426069312775,0.008032038734589544,0.0016818907218733607
GLD,2020-03-10,2020-04-09,22,1,0.021101336306771572,0.014357439520460235,0.0021082051745312407
GLD,2020-04-15,2020-04-23,6,1,0.005101958505246405,0.02021810404592708,0.006351495007079289
GLD,2020-04-24,2020-05-15,15,1,0.0042855207783533324,0.014621320017812037,0.0034416440287029413
GLD,2020-05-18,2020-05-19,1,1,0.007564144999551349,0.00950724947489701,0.0012214467684244375
GLD,2020-05-21,2020-06-22,21,1,0.014576337597639108,0.009152243741500076,0.00015286208903605197
GLD,2020-06-24,2020-06-26,2,1,0.0034839130582626737,0.009172610689300193,0.0014602029779390677
GLD,2020-07-01,2020-07-06,2,1,0.004481089931769862,0.00902191721416105,0.0011629765043321982
GLD,2020-07-09,2020-07-14,3,1,0.0027044004055613797,0.005366394286781141,0.002409604195231095
GLD,2020-07-16,2020-07-20,2,1,0.0094516886519002,0.004927516062052324,0.0018648296811789571
GLD,2020-07-30,2020-07-31,1,1,0.007400261112960874,0.007160822462763799,0.004448744149329254
GLD,2020-08-07,2024-03-04,897,1,0.015885305280057438,0.009160587370729268,0.005602787259742046
GLD,2024-03-12,2024-03-20,6,1,0.010940627296372215,0.00745829926527691,0.002997843438113371
GLD,2024-03-21,2024-03-27,4,1,0.0010386361790747035,0.006943392884691567,0.003545096538031575
GLD,2024-04-04,2024-04-05,1,1,0.005734705223284314,0.007109793691086728,0.0033405635017901398
GLD,2024-04-10,2024-04-11,1,1,0.009463856185613817,0.008113539659765289,0.0031049297894318443
GLD,2024-04-12,2024-04-15,1,1,0.013239324939518479,0.009023492135243085,0.0035781220202111908
GLD,2024-04-17,2024-05-17,22,1,0.00736825275209304,0.009624698518738801,0.004442609780205077
GLD,2024-05-21,2024-07-16,37,1,0.0014695486045709508,0.008928791896562427,0.0018755511890532206
GLD,2024-07-17,2024-08-12,18,1,0.004643206403117305,0.009434875183636149,0.0024730997906427907
GLD,2024-08-13,2024-08-16,3,1,0.001532358906807754,0.010844902144774578,0.0008915189615245127
GLD,2024-08-19,2024-08-20,1,1,0.0016380226467286212,0.010170236976772327,0.0020759294808917216
GLD,2024-08-21,2024-08-26,3,1,0.0013336178629830976,0.010192060343790986,0.0020046234477567476
GLD,2024-08-28,2024-09-12,10,1,0.0070268623074565915,0.00988957660189363,0.0019353428589774565
GLD,2024-09-16,2024-09-19,3,1,8.37481744817051e-05,0.008344634084638234,0.002404118145416867
GLD,2024-09-25,2024-09-26,1,1,0.0013817677350320915,0.00795239464752376,0.002582166600974339
GLD,2024-09-27,2024-10-16,13,1,0.00793583079190077,0.00802928951255009,0.002651459659869159
GLD,2024-10-21,2024-10-22,1,1,0.00019900127714235244,0.006542058029233327,0.001739233711465391
GLD,2024-10-23,2024-10-29,4,1,0.012050555849465037,0.006955678065820599,0.0009199418640497126
GLD,2024-10-31,2025-01-30,60,1,0.015495166963743822,0.007510251996965613,0.001497846061825975
GLD,2025-02-06,2025-02-10,2,1,0.002650256290805836,0.007090755608848812,0.003806886160574629
GLD,2025-02-11,2025-02-13,2,1,0.003651602215523676,0.007728556836818283,0.003544434880814969
GLD,2025-02-14,2025-02-18,1,1,0.014871773334245346,0.008305276307712842,0.00321976668388414
GLD,2025-02-21,2025-02-24,1,1,0.0009225433006418109,0.008205229174187543,0.0029587235383621586
GLD,2025-02-25,2025-03-13,12,1,0.013188334192659749,0.008884998101421255,0.0023565916977153372
GLD,2025-03-20,2025-03-27,5,1,0.0012805854303335905,0.00843886667360765,0.0017094956657130545
GLD,2025-04-01,2025-04-02,1,1,0.001978230357606602,0.007432912593848026,0.003580569994154484
GLD,2025-04-03,2025-04-10,5,1,0.006038278082531112,0.007621589495676532,0.0028783699894709656
GLD,2025-04-14,2025-04-16,2,1,0.005705977012200681,0.01389907970797733,0.0034996575228592756
GLD,2025-04-17,2025-04-21,1,1,0.004390692094044601,0.015274809261321107,0.00405862696628478
GLD,2025-04-22,2025-06-13,37,1,0.014195668551963674,0.016573713588725364,0.00527449444845322
GLD,2025-06-16,2025-08-29,52,1,0.014259096537298474,0.012504389918153124,0.0021781614143029653
GLD,2025-09-04,2025-09-05,1,1,0.004418882618094484,0.008117432044893718,0.0023192597801146224
GLD,2025-09-09,2025-09-10,1,1,0.00226990546860932,0.008555342615069517,0.003093225097907966
GLD,2025-09-11,2025-09-12,1,1,0.0014913797810191438,0.007569036568590017,0.003925614273223937
GLD,2025-09-17,2025-09-22,3,1,0.007715171664187115,0.007672567434855604,0.004443285790407321
GLD,2025-09-24,2025-09-26,2,1,0.009063049726670977,0.008212156986973633,0.004887583883778313
GLD,2025-10-02,2025-10-03,1,1,0.0034828251513257186,0.007599307405233925,0.0037183665715344585
GLD,2025-10-09,2025-10-13,2,1,0.01845284808606498,0.009496458984877772,0.004103254423955284
GLD,2025-10-17,2025-10-20,1,1,0.01881705581367359,0.011927850106060072,0.007027336101395794
GLD,2025-10-21,2025-12-22,43,1,0.06426889269192743,0.020963002390531577,0.004247250714689932
GLD,2025-12-24,2025-12-26,1,1,0.004134082564786633,0.006951067133311844,0.0038169500981105973
GLD,2025-12-29,2025-12-31,2,0,0.04352830187421835,0.012746380152751037,0.0018861990381708275
VOO,2015-01-05,2015-01-08,3,1,0.01756859147719096,,
VOO,2015-01-09,2015-01-22,8,1,0.008421418332762868,,
VOO,2015-01-23,2015-02-10,12,1,0.0054998661567334526,,
VOO,2015-02-19,2015-02-20,1,1,0.0006742362019391714,0.008716198651869341,0.0018527361987187958
VOO,2015-02-23,2015-02-24,1,1,0.00025823124024584534,0.00819213769494837,0.0011569165610536363
VOO,2015-02-25,2015-03-02,3,1,0.0010808676959746387,0.008074171169287152,0.0014143608767413598
VOO,2015-03-03,2015-04-23,36,1,0.0042677924280610565,0.005793770017055396,0.002693782164547247
VOO,2015-04-27,2015-05-14,13,1,0.003969517072485433,0.005724928690571988,0.001266251897137238
VOO,2015-05-19,2015-05-21,2,1,0.0005121215945894905,0.006227571392071673,0.0007126549001227697
VOO,2015-05-22,2015-07-17,38,1,0.0021975352465765613,0.006185519951333684,0.00040901563336808176
VOO,2015-07-21,2016-04-18,187,1,0.003950310514595941,0.008214758461805572,0.0003006095073082577
VOO,2016-04-21,2016-05-27,26,1,0.005553329043826645,0.006518223034898371,0.000999529312849571
VOO,2016-05-31,2016-06-01,1,1,0.0011933331667738543,0.006883310389328162,0.0008282665169997361
VOO,2016-06-03,2016-06-06,1,1,0.002894213260930144,0.006243012388829957,0.001232707839597309
VOO,2016-06-09,2016-07-08,20,1,0.0015398601877679573,0.005791393493122521,0.0008271573704007115
VOO,2016-07-13,2016-07-14,1,1,0.00035481681342104833,0.012385845364201077,0.0016940955406186033
VOO,2016-07-15,2016-07-18,1,1,0.0015129954059858938,0.0123840263324877,0.0020735895058554875
VOO,2016-07-19,2016-07-20,1,1,0.001108009455905806,0.012334601195371546,0.002180182271797178
VOO,2016-07-21,2016-07-22,1,1,0.0037657600971278803,0.012368750591268487,0.0017526766898162207
VOO,2016-07-25,2016-08-05,9,1,0.0024082071917197654,0.012137731467977756,0.0013257929827564334
VOO,2016-08-08,2016-08-09,1,1,0.0004996155596353308,0.0035671094979862913,0.001180777604852609
VOO,2016-08-10,2016-08-11,1,1,0.0025474608588444,0.003331504349556755,0.0005902662336748675
VOO,2016-08-12,2016-08-15,1,1,0.0009964732128841902,0.0032765649735902657,0.0005158705078844564
VOO,2016-08-16,2016-11-15,64,1,0.005172920801863877,0.0034823957614782183,0.0003416770712470148
VOO,2016-11-16,2016-11-17,1,1,0.0016963507658173114,0.0064430450986834335,0.0009301333064878818
VOO,2016-11-18,2016-11-21,1,1,0.0017909363580258491,0.006489049164474013,0.0010169844144490476
VOO,2016-11-28,2016-12-06,6,1,0.004717541101007202,0.006588639639107392,0.0016237397251833365
VOO,2016-12-12,2016-12-13,1,1,0.0011059553124985234,0.004357756332657091,0.002020186544195671
VOO,2016-12-14,2017-01-04,13,1,0.008269946468885413,0.004953791864646438,0.002030451718442711
VOO,2017-01-05,2017-01-06,1,1,0.0007692673550310162,0.004993283606565255,0.001430800887515482
VOO,2017-01-09,2017-01-24,10,1,0.003164180374965419,0.00439212864092666,0.000699226674138515
VOO,2017-01-26,2017-02-09,10,1,0.0007597330526434866,0.004168814991479552,0.0007660254679053733
VOO,2017-02-16,2017-02-17,1,1,0.0007878388180748136,0.0038654624170585063,0.0016524116458988328
VOO,2017-02-22,2017-02-23,1,1,0.0004605600003925924,0.003698032989612501,0.0020994949719754406
VOO,2017-02-28,2017-03-01,1,1,0.002939753646980312,0.0033060152978979717,0.0015201178796137725
VOO,2017-03-02,2017-05-02,42,1,0.005859674011572223,0.004252240200458863,0.002201976684329498
VOO,2017-05-03,2017-05-05,2,1,0.0010036664830870175,0.004450197818681395,0.0006348411736713811
VOO,2017-05-09,2017-05-10,1,1,0.0012724530651262746,0.004420364098196956,0.000848141120195745
VOO,2017-05-11,2017-05-15,2,1,0.002043809705599735,0.004448393495165017,0.0008659432074508179
VOO,2017-05-16,2017-05-24,6,1,0.00018122492176940328,0.0037093100893854977,0.001123275629139735
VOO,2017-05-30,2017-06-01,2,1,0.0009466401166606645,0.004931050130655764,0.000674814121887329
VOO,2017-06-05,2017-06-13,6,1,0.0006696241602287005,0.005180331082565161,0.001025206786209157
VOO,2017-06-14,2017-06-19,3,1,0.0010692534711768617,0.005145495939040903,0.0008008412541282268
VOO,2017-06-20,2017-07-14,17,1,0.006557224788190632,0.003573386838102215,0.001184806533356687
VOO,2017-07-21,2017-07-25,2,1,0.0007049692735125706,0.0047385936503235495,0.0007728206047129304
VOO,2017-07-27,2017-08-07,7,1,0.0011881054757123186,0.004326281807003289,0.0011398734601895048
VOO,2017-08-08,2017-09-01,18,1,0.001977150233324413,0.002404005550580225,0.0009762299121015108
VOO,2017-09-05,2017-09-11,4,1,0.007378782879103199,0.006278748370164962,-0.0002626508779417572
VOO,2017-09-14,2017-09-15,1,1,0.0003479302247177593,0.005615231805597866,0.0006930738705543849
VOO,2017-09-21,2017-09-28,5,1,0.0028294259075095076,0.003734751256423019,0.0010123788264379643
VOO,2017-10-06,2017-10-11,3,1,0.0009404825575139483,0.003005939894640682,0.0016768435682645547
VOO,2017-10-12,2017-10-16,2,1,0.0015366969923053795,0.0021934889961751683,0.001070975225640673
VOO,2017-10-23,2017-10-27,4,1,0.003641498359639069,0.002387149191533856,0.0012840331006762056
VOO,2017-10-30,2017-11-03,4,1,0.0036330315014084865,0.00320600303966939,0.001040966489808406
VOO,2017-11-07,2017-11-08,1,1,0.00042036488997606886,0.0028899941568764132,0.0008938523127518213
VOO,2017-11-09,2017-11-21,8,1,0.0036128121963992696,0.003022072810259295,0.0005939629093227229
VOO,2017-11-22,2017-11-24,1,1,0.0007119208138198412,0.003838989879640175,0.0006004626160370953
VOO,2017-11-27,2017-11-28,1,1,0.0002929115407145678,0.003653077476341029,0.0008704468797026415
VOO,2017-11-29,2017-11-30,1,1,0.0003727123780753756,0.00367427729495113,0.0010917546681339923
VOO,2017-12-01,2017-12-08,5,1,0.0018493575014941323,0.004062643256983196,0.0012634371319690358
VOO,2017-12-13,2017-12-15,2,1,0.0002449824464426592,0.004193099290394213,0.0015243723704718563
VOO,2017-12-19,2018-01-02,8,1,0.0036340694898272467,0.004165518192391865,0.0019398872231372447
VOO,2018-01-10,2018-01-11,1,1,0.0017043556776650617,0.0036586726010650133,0.0017619339677798476
VOO,2018-01-16,2018-01-17,1,1,0.0036412800918731803,0.0041473150066717555,0.002028840394258492
VOO,2018-01-18,2018-01-19,1,1,0.0013620784918379992,0.004100921722745967,0.0022126282999611396
VOO,2018-01-24,2018-01-26,2,1,0.0004994242868634565,0.003983110493633714,0.002698216266787418
VOO,2018-01-29,2018-07-25,123,1,0.006910505830398318,0.004818325412332582,0.0029789380778054717
VOO,2018-07-26,2018-08-06,7,1,0.002949501859465669,0.005249159372360834,0.002025066522346483
VOO,2018-08-08,2018-08-20,8,1,0.0005335092705540804,0.004601798590578622,0.0011189436298939769
VOO,2018-08-22,2018-08-24,2,1,0.00030413930709137483,0.0049896577969256095,0.0007760160166013734
VOO,2018-08-30,2018-09-20,14,1,0.004069956769157943,0.004521234730324722,0.0015663077935976154
VOO,2018-09-21,2019-04-12,139,1,0.0007044266122237727,0.003981159734654167,0.0011858596889479556
VOO,2019-04-15,2019-04-16,1,1,0.0006753011413852131,0.006561553158997056,0.0014348806929989012
VOO,2019-04-17,2019-04-22,2,1,0.002439424244224471,0.006592773026157539,0.0011677901570018455
VOO,2019-04-24,2019-04-26,2,1,0.001970948436214372,0.004282914120628644,0.0022043360088663056
VOO,2019-05-01,2019-05-03,2,1,0.007296386502588363,0.003633873472954586,0.0009890830312262347
VOO,2019-05-06,2019-06-20,32,1,0.0039623686377370584,0.004277185474845803,0.0009368224530399127
VOO,2019-06-21,2019-07-01,6,1,0.0011773957774249121,0.008185612349658136,0.0016239848249350573
VOO,2019-07-05,2019-07-11,4,1,0.0012758193313101682,0.005027291795923486,0.0027665216732288573
VOO,2019-07-16,2019-07-24,6,1,0.003258889643751946,0.004926114631347094,0.001947836756410012
VOO,2019-07-25,2019-07-26,1,1,0.004878058913041824,0.0045332324729637575,0.0014780883154238188
VOO,2019-07-29,2019-10-25,63,1,0.0018024924258135603,0.0047076098102467835,0.0016109191263223752
VOO,2019-10-29,2019-10-30,1,1,0.0006460082133690787,0.00848752439994906,0.0010144935162377188
VOO,2019-10-31,2019-11-01,1,1,0.0032207939297685577,0.00669211504183761,0.002451970340470616
VOO,2019-11-05,2019-11-07,2,1,0.0012748036696845226,0.0061489818816296655,0.0022035267999936177
VOO,2019-11-11,2019-11-12,1,1,0.0019380181238722377,0.0039976329186171295,0.0019071237600468843
VOO,2019-11-19,2019-11-25,4,1,0.000488385490805694,0.0033002893736030323,0.0018420309538510042
VOO,2019-11-29,2019-12-12,9,1,0.0038302286785948923,0.003671682941133361,0.0015424670106954238
VOO,2019-12-30,2020-01-02,2,1,0.0054940272225475605,0.004860744081562864,0.0010901291053321337
VOO,2020-01-03,2020-01-09,4,1,0.007305081804777412,0.004492365690071986,0.002190950011172715
VOO,2020-01-10,2020-01-13,1,1,0.0028657068479434385,0.004400089197972366,0.002049873574343259
VOO,2020-01-14,2020-01-15,1,1,0.001327791616748163,0.004314123660450952,0.0017598268970130666
VOO,2020-01-21,2020-02-05,11,1,0.0020654521722985883,0.00445463042331783,0.001958347904626301
VOO,2020-02-07,2020-02-10,1,1,0.005083181365400905,0.00839513990396479,0.0011475427167310433
VOO,2020-02-13,2020-02-14,1,1,0.0009674617006799388,0.008342674438441385,0.0013914065484434386
VOO,2020-02-18,2020-02-19,1,1,0.0027395934028462345,0.00822803180140297,0.0008383552230750883
VOO,2020-02-20,2020-08-10,119,1,0.003923778047569238,0.008299281277601652,0.0008172962202537917
VOO,2020-08-11,2020-08-12,1,1,0.008075481155256635,0.006883635249452917,0.002672110354595961
VOO,2020-08-13,2020-08-17,2,1,0.0017093806811101133,0.00682157633826242,0.0021848561533996664
VOO,2020-08-19,2020-08-21,2,1,0.004242295371493954,0.006747621141244109,0.0017547941744973487
VOO,2020-08-31,2020-09-01,1,1,0.0035073656841293375,0.005098742297282609,0.003208952840667818
VOO,2020-09-03,2020-11-11,48,1,0.03461701934260623,0.010256971278581545,0.0018682457901601124
VOO,2020-11-12,2020-11-13,1,1,0.009248747418457841,0.01361424426635869,0.0007332476986033982
VOO,2020-11-17,2020-11-24,5,1,0.004985363202644033,0.013604899596430447,0.002533838820790676
VOO,2020-11-25,2020-11-27,1,1,0.0016480432665038844,0.013594037824006667,0.0033171329656572286
VOO,2020-11-30,2020-12-01,1,1,0.00448921027005441,0.010511878096925277,0.004408067558225424
VOO,2020-12-03,2020-12-04,1,1,0.0002967189818421445,0.009511946552265171,0.00417025909161328
VOO,2020-12-07,2020-12-08,1,1,0.0018539847877726346,0.007899036770455833,0.00250628219514798
VOO,2020-12-09,2020-12-16,5,1,0.008878068519384726,0.00793117453344683,0.0016351083245990535
VOO,2020-12-18,2020-12-28,5,1,0.004005370521742917,0.006553617972913509,0.0018994402368052517
VOO,2020-12-29,2020-12-31,2,1,0.002104456360849507,0.005686654773089397,0.0012164890408830943
VOO,2021-01-04,2021-01-07,3,1,0.01355838194364432,0.006105603971924178,0.0004789005274993431
VOO,2021-01-11,2021-01-20,6,1,0.00653504716690261,0.0066979669738779415,0.0017218348862107233
VOO,2021-01-22,2021-01-25,1,1,0.003568079227321109,0.006864842518971186,0.0018899485787050743
VOO,2021-01-26,2021-02-04,7,1,0.0014996919352951487,0.006862670141329257,0.002067502138274326
VOO,2021-02-09,2021-02-11,2,1,0.0008077014017787284,0.010268967646485636,0.0011227123990119419
VOO,2021-02-16,2021-03-11,17,1,0.0009417359843441175,0.010103273880000561,0.0017287132879508008
VOO,2021-03-16,2021-03-17,1,1,0.0011249603949147024,0.01124287210281027,0.00039403677964386293
VOO,2021-03-18,2021-03-26,6,1,0.014703019307162415,0.011747573034580565,-0.00012158921740479645
VOO,2021-03-29,2021-03-31,2,1,0.000604413923327037,0.01069704503970638,0.002063610315368812
VOO,2021-04-06,2021-04-07,1,1,0.0005622509273147415,0.007881429824133184,0.002866944016773201
VOO,2021-04-14,2021-04-15,1,1,0.0032152250971115934,0.0071765100249717665,0.0019336066562607376
VOO,2021-04-19,2021-04-26,5,1,0.004926584771353824,0.006487541470556488,0.002977010698988166
VOO,2021-04-27,2021-04-29,2,1,0.00031249239580491764,0.006306086490762526,0.0025135139291414784
VOO,2021-04-30,2021-05-07,5,1,0.0066038883340048815,0.006585050225563732,0.0024545061248464526
VOO,2021-05-10,2021-06-04,18,1,0.009792964639171713,0.006498626977406125,0.0007469638195599769
VOO,2021-06-07,2021-06-10,3,1,0.0008495120464876443,0.00858370332391187,0.00035586214204081864
VOO,2021-06-15,2021-06-24,7,1,0.002096833925598039,0.004660473818378736,0.0008991898893546588
VOO,2021-07-06,2021-07-07,1,1,0.0018808351166765826,0.005374183339624924,0.0013116622636338737
VOO,2021-07-08,2021-07-09,1,1,0.007962553897618047,0.005753400113213997,0.0011277136803633635
VOO,2021-07-13,2021-07-23,8,1,0.0033845274679896098,0.006143797680284414,0.001410606330673775
VOO,2021-07-27,2021-08-03,5,1,0.004440058286591425,0.006948949237892875,0.0013692461988961465
VOO,2021-08-04,2021-08-05,1,1,0.004783128390821019,0.0071847647349414885,0.0006700712531883639
VOO,2021-08-09,2021-08-10,1,1,0.0009586416110188632,0.006662240462203847,0.0007200490448395506
VOO,2021-08-17,2021-08-23,4,1,0.006594665941556514,0.005249291376072469,0.002092470518217735
VOO,2021-08-26,2021-08-27,1,1,0.005840423398834955,0.005156434137804813,0.000799516643627991
VOO,2021-08-31,2021-09-02,2,1,0.00170780157668,0.005264671282459924,0.0014822053416529966
VOO,2021-09-03,2021-10-20,32,1,0.00038367063298756993,0.004762721825851736,0.0012051155106895953
VOO,2021-10-22,2021-10-25,1,1,0.0010074335767241258,0.008779585378500473,0.0010571216291448012
VOO,2021-10-27,2021-10-28,1,1,0.004342299159051882,0.007400867422632999,0.0021589037735003573
VOO,2021-11-09,2021-11-16,5,1,0.0035017769349292294,0.004681701550063279,0.003465223511654852
VOO,2021-11-17,2021-11-18,1,1,0.0024106699379340558,0.004133357195648092,0.0018029349459422446
VOO,2021-11-19,2021-12-10,14,1,0.0018754743247052317,0.004196276631698835,0.0015768503526267855
VOO,2021-12-13,2021-12-23,8,1,0.00887124257793288,0.010786400501963405,0.00029059505242648047
VOO,2021-12-28,2021-12-29,1,1,0.0007520077564800228,0.012046706695510724,0.0019826464807292657
VOO,2021-12-30,2022-01-03,2,1,0.0028245264686215035,0.010885389957131916,0.002254178821114882
VOO,2022-01-04,2023-12-13,488,1,0.00040978189028434105,0.009829452831625776,0.0026483184646013784
VOO,2023-12-15,2023-12-18,1,1,0.001521609891467362,0.004408917186947197,0.002247971186428435
VOO,2023-12-20,2023-12-26,3,1,0.014434447366462832,0.005742170890230058,0.0016188649248051114
VOO,2023-12-29,2024-01-12,9,1,0.002671306623947172,0.005910937212860658,0.002316143754158766
VOO,2024-01-16,2024-01-19,3,1,0.0034017426287390826,0.00624694845060302,0.0006367052983981422
VOO,2024-01-26,2024-01-29,1,1,0.0006019174409813929,0.005724580225529009,0.0011973558845537642
VOO,2024-01-30,2024-02-02,3,1,0.0007087132789196013,0.005887208461225793,0.001413996857978864
VOO,2024-02-05,2024-02-07,2,1,0.0036542293757732265,0.0072400034472035885,0.0025044839849825275
VOO,2024-02-12,2024-02-15,3,1,0.00045583560910351695,0.006765413222713705,0.002404127239427758
VOO,2024-02-16,2024-02-22,3,1,0.005114839984703085,0.007658087132563282,0.0022407934474038328
VOO,2024-02-26,2024-02-29,3,1,0.0036633907451995434,0.008656692135291971,0.0017275875878838742
VOO,2024-03-04,2024-03-07,3,1,0.0011879063334135015,0.00734523745284985,0.0021947672384432927
VOO,2024-03-08,2024-03-12,2,1,0.0060643124826965135,0.007790776240594313,0.0012960560930023745
VOO,2024-03-13,2024-03-19,4,1,0.001515733468065197,0.008034261618638187,0.0014111902611518724
VOO,2024-03-22,2024-03-27,3,1,0.001306798338851613,0.005808478267583912,0.001422813961982992
VOO,2024-03-28,2024-05-14,32,1,0.0001247961808852051,0.006026403461346107,0.001712626250859996
VOO,2024-05-16,2024-05-20,2,1,0.0019099160853077424,0.007433853067806065,0.00261630112827307
VOO,2024-05-22,2024-06-05,9,1,0.0029069601677067063,0.006543727989504351,0.0022235318648159384
VOO,2024-06-06,2024-06-10,2,1,0.00022380258975621364,0.005432228186165541,0.0015801589372205966
VOO,2024-06-20,2024-07-02,8,1,0.0027762215371660358,0.005255461576234168,0.001511352629599252
VOO,2024-07-11,2024-07-15,2,1,0.008569055207369164,0.00443124276690822,0.001969898093678439
VOO,2024-07-17,2024-09-19,45,1,0.013967907303659734,0.005627276667533482,0.0013759722929925255
VOO,2024-09-20,2024-09-23,1,1,0.0019621773764144923,0.00914458626569203,0.0007863471201675404
VOO,2024-09-25,2024-09-26,1,1,0.0020317312941806223,0.008653461096265516,0.0009350182633519607
VOO,2024-09-27,2024-09-30,1,1,0.0012945040431384725,0.008558113383901046,0.0012715896191382969
VOO,2024-10-01,2024-10-09,6,1,0.009342868276822567,0.008691999445071465,0.0005782148177115244
VOO,2024-10-10,2024-10-11,1,1,0.0016778867676110415,0.006263086289907132,0.001990753388253852
VOO,2024-10-15,2024-10-18,3,1,0.007615339507620028,0.006605681974825522,0.0015654812174148661
VOO,2024-10-21,2024-11-06,12,1,0.0015446476597021546,0.005525142000225799,0.0012843183519632812
VOO,2024-11-12,2024-11-26,10,1,0.0029979159886119374,0.008478488275742796,0.0010245025386021822
VOO,2024-11-27,2024-11-29,1,1,0.0031868158343103443,0.008811282080750183,0.0013847996884787256
VOO,2024-12-05,2024-12-06,1,1,0.0016647865423539973,0.0069918828627872085,0.0024177766211841496
VOO,2024-12-09,2025-01-22,28,1,0.00520727743698559,0.004772846019909111,0.000723295967996906
VOO,2025-01-24,2025-02-18,16,1,0.003014150822947076,0.008705306174307825,0.0013573278265775646
VOO,2025-02-20,2025-06-26,87,1,0.004204526686434477,0.006414393387997248,0.0005838529071220682
VOO,2025-07-01,2025-07-02,1,1,0.00045768143237730257,0.006175372044369377,0.002379808183759336
VOO,2025-07-07,2025-07-10,3,1,0.008014326574869338,0.0066380090533174774,0.0021024835879591398
VOO,2025-07-11,2025-07-17,4,1,0.0035983336449219366,0.0063596574867713675,0.0017373167227837981
VOO,2025-07-18,2025-07-21,1,1,0.00045042589357850786,0.004999409433685371,0.002478592359768913
VOO,2025-07-28,2025-08-08,9,1,0.0002391225778717817,0.004175958454568246,0.0019107669498238315
VOO,2025-08-11,2025-08-12,1,1,0.002048701873824228,0.006360307694519409,0.0009312265201912057
VOO,2025-08-15,2025-08-22,5,1,0.0021590533387633704,0.006552415130683738,0.001172662680451976
VOO,2025-08-25,2025-08-27,2,1,0.004231301897364641,0.00739596360202703,0.0004145442589343168
VOO,2025-08-29,2025-09-04,3,1,0.0057668534143443684,0.007490324211282146,0.000978289702818065
VOO,2025-09-05,2025-09-09,2,1,0.002732189080330432,0.005880023157371965,0.0010782101312052067
VOO,2025-09-12,2025-09-15,1,1,0.00021500963485726745,0.005465133964585009,0.000922760397250483
VOO,2025-09-16,2025-09-18,2,1,0.0013167859962804065,0.005516287572131296,0.0012096476958849483
VOO,2025-09-23,2025-10-01,6,1,0.005237864915965189,0.004517442694904016,0.0014491352179652572
VOO,2025-10-07,2025-10-08,1,1,0.0035634313100498336,0.0037368153386236782,0.0016058997276390226
VOO,2025-10-09,2025-10-24,11,1,0.002698980755280447,0.003954462680675687,0.0014995576343210305
VOO,2025-10-30,2025-12-10,28,1,0.010617982848540531,0.008983826882696678,0.0008196523844525317
VOO,2025-12-12,2025-12-23,7,1,0.010793612836802016,0.00827023698681799,-0.00010243735430556425
VOO,2025-12-29,2025-12-31,2,0,0.003528479074580773,0.005418836066207523,0.0007139347015164431
